STATE,REGION_TYPE,REASON_FOR_NON_RESPONSE,RESPONSE_STATUS,HH_WEIGHT_MS,AGE_GROUP,OCCUPATION_GROUP,EDUCATION_GROUP,GENDER_GROUP,SIZE_GROUP,TOTAL_EXPENDITURE,MONTHLY_EXPENSE_ON_FOOD,MONTHLY_EXPENSE_ON_EDIBLE_OILS,MONTHLY_EXPENSE_ON_VEGETABLES_AND_WET_SPICES,MONTHLY_EXPENSE_ON_FRUITS,MONTHLY_EXPENSE_ON_MILK_AND_MILK_PRODUCTS,MONTHLY_EXPENSE_ON_SALTY_SNACKS,MONTHLY_EXPENSE_ON_HEALTH_SUPPLEMENTS,MONTHLY_EXPENSE_ON_TEA,MONTHLY_EXPENSE_ON_COFFEE,MONTHLY_EXPENSE_ON_BOTTLED_WATER,MONTHLY_EXPENSE_ON_INTOXICANTS,MONTHLY_EXPENSE_ON_CIGARETTES_AND_TOBACCO,MONTHLY_EXPENSE_ON_CLOTHING,MONTHLY_EXPENSE_ON_FOOTWEAR,MONTHLY_EXPENSE_ON_CLOTHING_ACCESSORIES,MONTHLY_EXPENSE_ON_COSMETIC_AND_TOILETRIES,MONTHLY_EXPENSE_ON_DETERGENT_BARS,MONTHLY_EXPENSE_ON_DETERGENT_LIQUIDS_AND_POWDER,MONTHLY_EXPENSE_ON_MOBILES_AND_ACCESSORIES,MONTHLY_EXPENSE_ON_RESTAURANTS,MONTHLY_EXPENSE_ON_RECREATION,MONTHLY_EXPENSE_ON_ENTERTAINMENT,MONTHLY_EXPENSE_ON_HOUSE_RENT,MONTHLY_EXPENSE_ON_WATER_CHARGES,MONTHLY_EXPENSE_ON_SOCIETY_CHARGES,MONTHLY_EXPENSE_ON_OTHER_TAXES,MONTHLY_EXPENSE_ON_POWER_AND_FUEL,MONTHLY_EXPENSE_ON_COOKING_FUEL,MONTHLY_EXPENSE_ON_ELECTRICITY,MONTHLY_EXPENSE_ON_TRANSPORT,MONTHLY_EXPENSE_ON_LANDLINE_PHONE,MONTHLY_EXPENSE_ON_CELL_PHONE,MONTHLY_EXPENSE_ON_CABLE_TV,MONTHLY_EXPENSE_ON_INTERNET,MONTHLY_EXPENSE_ON_NEWSPAPERS_AND_MAGAZINES,MONTHLY_EXPENSE_ON_EDUCATION,MONTHLY_EXPENSE_ON_SCHOOL_ACADEMIC_BOOKS,MONTHLY_EXPENSE_ON_FICTION_NON_FICTION_BOOKS,MONTHLY_EXPENSE_ON_STATIONERY,MONTHLY_EXPENSE_ON_SCHOOL_COLLEGE_FEES,MONTHLY_EXPENSE_ON_PRIVATE_TUITION_FEES,MONTHLY_EXPENSE_ON_HOBBY_CLASSES,MONTHLY_EXPENSE_ON_SCHOOL_TRANSPORT,MONTHLY_EXPENSE_ON_HEALTH,MONTHLY_EXPENSE_ON_MEDICINES,MONTHLY_EXPENSE_ON_DOCTORS_PHYSIOTHERAPISTS_FEE,MONTHLY_EXPENSE_ON_MEDICAL_TESTS,MONTHLY_EXPENSE_ON_HYGIENE_PRODUCTS,MONTHLY_EXPENSE_ON_EMI_FOR_HOUSE,MONTHLY_EXPENSE_ON_EMI_FOR_VEHICLES,MONTHLY_EXPENSE_ON_OTHER_EMIS,MONTHLY_EXPENSE_ON_DOMESTIC_HELP,MONTHLY_EXPENSE_ON_POCKET_MONEY,MONTHLY_EXPENSE_ON_PETS
Andhra Pradesh,URBAN,No Failure,Accepted,1959.88,Grown-up - dominant,Non-industrial Technical Employees,Households of all literates,Balanced,3 Members,46128,5768,0,1520,390,1360,610,0,30,385,90,660,145,0,800,0,1080,0,550,0,1200,700,0,3050,1250,0,0,4960,880,1420,350,0,0,330,0,0,892,630,0,0,0,500,800,0,1220,0,100,0,530,5860,0,0,0,200,180
Madhya Pradesh,RURAL,No Failure,Accepted,2385.44,Grown-up - dominant,White-collar Professional Employees,Households of all literates,Balanced,3 Members,45516,4470,250,1100,525,1810,485,250,0,335,0,2965,0,650,200,215,0,618,505,550,0,400,450,2740,200,0,0,2820,0,0,340,800,0,0,0,0,1200,0,0,290,0,500,0,0,1730,750,0,0,0,0,0,1000,0,300,0
Madhya Pradesh,RURAL,No Failure,Accepted,3313.64,Balanced households with no Seniors,Small/Marginal Farmers,Matriculates majority household,Male Majority,4 Members,52312,3605,300,1620,540,0,180,0,1050,260,0,660,700,650,0,620,955,85,460,550,1440,0,0,0,300,0,0,0,1300,196,560,200,474,250,0,1150,5580,1100,0,280,900,0,0,0,430,0,0,0,0,0,2400,0,2300,1600,0
Maharashtra,RURAL,Could not be executed,Non-Response,1916.84,Data Not Available,Data Not Available,Data Not Available,Data Not Available,Data Not Available,,,,,,,,,,,,,,,,,,,,,,,,,,,,,,,,,,,,,,,,,,,,,,,,,,,,,,,
Goa,URBAN,No Failure,Accepted,2415.78,Others households of Grown-ups,Organised Farmers,Households of all literates,Male Majority,4 Members,52456,4965,740,0,280,710,360,0,185,335,280,0,950,650,650,335,447,1010,240,0,1440,600,0,0,0,0,0,3810,1000,670,1280,0,0,320,0,0,1480,0,0,270,1900,400,0,0,650,0,300,600,0,0,2200,1000,0,800,0
Uttar Pradesh,RURAL,No Failure,Accepted,2917.65,Balanced households with no Seniors,White-collar Professional Employees,Matriculates minority household,Balanced,5 Members,31291,0,550,0,260,400,440,300,295,0,0,580,655,500,480,445,1243,0,620,550,1220,0,550,0,1200,0,0,0,0,425,429,500,500,0,0,0,0,1100,0,280,700,500,600,550,1415,0,300,820,350,0,0,0,0,620,180
Uttar Pradesh,RURAL,No Failure,Accepted,1995.11,Balanced households with no Seniors,Small Traders/Hawkers,All Matriculates household,Balanced,2 Members,56492,5490,825,0,150,0,460,870,435,0,200,1750,460,0,0,0,0,420,650,0,660,0,750,3560,350,400,0,0,1200,400,0,200,1250,1280,600,480,440,758,600,465,0,0,0,1100,220,850,600,600,335,3500,2400,0,0,0,600
Uttarakhand,RURAL,Locked,Non-Response,3238.03,Data Not Available,Data Not Available,Data Not Available,Data Not Available,Data Not Available,,,,,,,,,,,,,,,,,,,,,,,,,,,,,,,,,,,,,,,,,,,,,,,,,,,,,,,
Punjab,RURAL,Household not found,Non-Response,1463.65,Data Not Available,Data Not Available,Data Not Available,Data Not Available,Data Not Available,,,,,,,,,,,,,,,,,,,,,,,,,,,,,,,,,,,,,,,,,,,,,,,,,,,,,,,
Andhra Pradesh,RURAL,No Failure,Accepted,2477.74,Balanced households with no Seniors,Non-industrial Technical Employees,Households of all literates,Male Majority,5 Members,33740,6210,420,950,1080,1150,45,900,295,0,220,1255,650,700,0,1063,1445,0,0,0,0,0,0,0,290,0,0,2440,0,425,405,0,189,355,0,120,0,630,0,770,780,1500,200,0,0,0,0,820,360,0,0,2300,0,150,0
Bihar,URBAN,No Failure,Accepted,1406.39,Grown-up - dominant,Self-employed Entrepreneurs,Households of all literates,Female Dominated,7 Members,42150,0,550,1965,90,0,0,660,1070,335,90,1120,0,900,0,0,840,1140,610,2200,460,400,550,2950,500,0,0,2000,0,1500,1145,0,0,800,0,420,705,0,0,180,900,0,500,600,300,0,100,820,0,0,1200,0,500,0,0
Puducherry,URBAN,Locked,Non-Response,705.83,Data Not Available,Data Not Available,Data Not Available,Data Not Available,Data Not Available,,,,,,,,,,,,,,,,,,,,,,,,,,,,,,,,,,,,,,,,,,,,,,,,,,,,,,,
Maharashtra,URBAN,Could not be executed,Non-Response,2605.64,Data Not Available,Data Not Available,Data Not Available,Data Not Available,Data Not Available,,,,,,,,,,,,,,,,,,,,,,,,,,,,,,,,,,,,,,,,,,,,,,,,,,,,,,,
Maharashtra,RURAL,Household not found,Non-Response,903.96,Data Not Available,Data Not Available,Data Not Available,Data Not Available,Data Not Available,,,,,,,,,,,,,,,,,,,,,,,,,,,,,,,,,,,,,,,,,,,,,,,,,,,,,,,
Kerala,URBAN,No Failure,Accepted,1397.68,Grown-up - dominant,Wage Labourers,Households of all literates,Balanced,3 Members,42859,4692,470,650,110,850,465,870,0,0,0,850,500,0,2500,65,1132,560,1185,0,1200,350,0,0,0,0,0,4950,0,800,500,60,250,0,0,0,920,1450,0,0,0,0,0,0,430,675,0,600,530,0,0,0,0,1200,1800
Madhya Pradesh,RURAL,No Failure,Accepted,3044.97,Youngsters - dominant,Miscellaneous,Matriculates majority household,Balanced,4 Members,36458,5490,175,0,620,0,390,0,550,0,0,765,535,2300,0,255,955,120,150,0,420,0,0,1960,0,0,0,3270,1080,2130,460,0,800,0,0,0,940,0,0,0,300,0,0,0,0,1500,0,0,160,0,0,1000,620,1100,0
Bihar,RURAL,No Failure,Accepted,1566.03,Grown-up - dominant,Organised Farmers,Households of all literates,Female Dominated,2 Members,55035,6950,490,0,500,2030,0,1300,1090,532,525,330,780,2900,0,0,518,0,260,800,1200,750,0,0,350,0,0,3716,1300,0,1260,0,499,0,0,0,440,630,0,520,0,0,1100,0,0,0,0,820,500,0,0,3400,0,1200,0
Gujarat,URBAN,Could not be executed,Non-Response,1608.69,Data Not Available,Data Not Available,Data Not Available,Data Not Available,Data Not Available,,,,,,,,,,,,,,,,,,,,,,,,,,,,,,,,,,,,,,,,,,,,,,,,,,,,,,,
Chhattisgarh,URBAN,No Failure,Accepted,2595.6,Grown-up - dominant,White-collar Clerical Employees,All Matriculates household,Male Majority,4 Members,69964,5210,475,0,480,3300,280,0,0,390,0,0,0,1250,850,0,900,570,460,620,1060,0,0,0,550,0,0,4750,1819,320,440,800,0,0,0,0,1100,600,260,410,0,1200,0,0,1805,0,0,0,70,6200,0,0,2300,400,0
Rajasthan,RURAL,No Failure,Accepted,1966.9,Grown-up - dominant,Non-industrial Technical Employees,Graduates majority household,Only Females,5 Members,48594,4415,200,0,485,2200,460,1316,0,1070,525,660,1230,0,2500,155,0,1040,195,450,1440,0,0,0,0,0,0,1200,1050,1500,270,0,400,300,0,0,825,400,0,0,0,0,0,1100,0,550,0,0,360,4900,0,0,500,700,0
Tamil Nadu,RURAL,Could not be executed,Non-Response,1036.35,Data Not Available,Data Not Available,Data Not Available,Data Not Available,Data Not Available,,,,,,,,,,,,,,,,,,,,,,,,,,,,,,,,,,,,,,,,,,,,,,,,,,,,,,,
Tamil Nadu,URBAN,Locked,Non-Response,2078.14,Data Not Available,Data Not Available,Data Not Available,Data Not Available,Data Not Available,,,,,,,,,,,,,,,,,,,,,,,,,,,,,,,,,,,,,,,,,,,,,,,,,,,,,,,
Maharashtra,RURAL,No Failure,Accepted,2052.74,Grown-up - dominant,Industrial Workers,Matriculates minority household,Balanced,4 Members,57293,5590,360,660,295,665,0,0,525,385,525,660,655,2900,0,460,515,0,65,0,300,600,0,3420,500,0,0,3180,630,820,0,320,0,1200,0,420,430,650,0,270,780,900,0,0,1730,725,0,0,525,0,0,1000,0,42,1000
Odisha,RURAL,No Failure,Accepted,576.79,Grown-up - dominant,Small/Marginal Farmers,Households of all literates,Male Majority,5 Members,49534,4290,480,0,620,1160,400,660,360,0,0,1260,605,0,1400,85,880,1250,432,2200,0,0,0,4020,400,0,0,2742,900,425,0,0,0,250,0,0,370,0,0,1120,1150,800,600,0,480,550,0,0,170,4900,1200,3400,0,620,1100
Haryana,RURAL,Could not be executed,Non-Response,3444.18,Data Not Available,Data Not Available,Data Not Available,Data Not Available,Data Not Available,,,,,,,,,,,,,,,,,,,,,,,,,,,,,,,,,,,,,,,,,,,,,,,,,,,,,,,
Maharashtra,RURAL,No Failure,Accepted,2170.71,Children - dominant,Entrepreneurs,All Matriculates household,Balanced,4 Members,37213,8250,0,860,150,750,190,660,610,0,200,705,750,700,0,20,515,530,80,0,1200,0,0,0,400,0,0,1467,0,1350,1060,475,420,399,0,0,920,0,0,410,0,0,700,550,650,700,0,0,480,3500,0,0,1180,0,180
Karnataka,RURAL,No Failure,Accepted,3412.77,Youngsters - dominant,Self-employed Entrepreneurs,Households of all literates,Balanced,4 Members,47925,7625,695,930,260,900,160,700,420,0,0,1400,835,0,0,0,1445,1010,80,300,2600,0,0,0,290,0,0,3450,1200,430,500,0,750,450,0,420,820,0,0,0,780,0,0,0,0,750,0,0,280,0,0,0,620,0,1850
Puducherry,URBAN,No Failure,Accepted,2530.63,Other households of the Young,Organised Farmers,Households of all literates,Male Majority,3 Members,74752,7270,225,820,480,0,60,0,342,0,0,320,1800,700,0,220,399,0,80,2200,1020,0,750,4020,50,600,0,3810,1430,2400,1400,0,0,0,0,480,0,758,0,0,0,0,500,1100,1320,350,600,0,0,0,5300,0,0,725,0
Madhya Pradesh,URBAN,Could not be executed,Non-Response,3072.7,Data Not Available,Data Not Available,Data Not Available,Data Not Available,Data Not Available,,,,,,,,,,,,,,,,,,,,,,,,,,,,,,,,,,,,,,,,,,,,,,,,,,,,,,,
Maharashtra,URBAN,No Failure,Accepted,2145.03,Balanced households with no Seniors,Support Staff,All Matriculates household,Female Majority,4 Members,46539,5310,480,890,620,880,120,660,0,0,570,330,650,650,620,1032,0,45,0,300,1220,600,0,0,0,0,0,2225,1179,430,920,150,150,560,0,480,0,0,0,290,800,0,0,0,1235,580,200,0,0,0,2200,1000,0,0,0
Maharashtra,URBAN,Could not be executed,Non-Response,2033.28,Data Not Available,Data Not Available,Data Not Available,Data Not Available,Data Not Available,,,,,,,,,,,,,,,,,,,,,,,,,,,,,,,,,,,,,,,,,,,,,,,,,,,,,,,
Andhra Pradesh,URBAN,No Failure,Accepted,1683.31,Balanced households with no Seniors,Wage Labourers,Households of all literates,Balanced,4 Members,51151,4290,400,850,295,2000,1080,0,30,1070,0,730,1230,650,0,250,955,0,450,0,876,1150,0,2700,250,0,0,1550,1050,665,460,200,280,320,0,0,0,0,0,420,500,0,0,450,365,0,0,820,0,6200,0,0,1180,385,0
Tripura,URBAN,Could not be executed,Non-Response,2281.98,Data Not Available,Data Not Available,Data Not Available,Data Not Available,Data Not Available,,,,,,,,,,,,,,,,,,,,,,,,,,,,,,,,,,,,,,,,,,,,,,,,,,,,,,,
Uttar Pradesh,URBAN,Refused,Non-Response,3540.23,Data Not Available,Data Not Available,Data Not Available,Data Not Available,Data Not Available,,,,,,,,,,,,,,,,,,,,,,,,,,,,,,,,,,,,,,,,,,,,,,,,,,,,,,,
Goa,URBAN,No Failure,Accepted,1784.26,Grown-up - dominant,Wage Labourers,Households of all literates,Balanced,2 Members,68831,4720,740,540,390,2000,1070,425,150,0,90,765,1300,2200,1400,0,880,250,170,0,0,2500,750,4020,0,0,0,820,888,680,440,0,1699,530,0,700,640,600,0,0,1800,900,600,0,700,0,100,0,0,0,0,0,620,150,0
Gujarat,RURAL,No Failure,Accepted,3048.28,Balanced households with no Seniors,Industrial Workers,Households of some literates,Male Dominated,5 Members,41243,5490,230,800,0,2625,0,425,245,330,0,500,0,888,800,125,694,1080,400,0,1800,0,750,0,0,0,0,2225,900,750,440,0,550,410,0,0,720,0,0,350,0,0,1200,550,0,400,100,0,0,0,0,0,0,0,0
Telangana,RURAL,No Failure,Accepted,1857.77,Grown-up - dominant,Small/Marginal Farmers,Households of all literates,Male Dominated,5 Members,63097,6220,600,600,1080,435,210,0,165,0,90,2100,0,2500,750,215,0,0,1075,145,420,350,400,0,700,0,0,2350,0,0,380,200,1699,435,1000,0,0,1450,0,280,1600,0,0,550,0,400,600,0,250,0,3100,0,250,300,310
Punjab,RURAL,No Failure,Accepted,2064.18,Balanced households with Seniors,Non-industrial Technical Employees,Households of all literates,Balanced,2 Members,46178,8420,1135,525,260,1675,200,1316,0,0,0,1400,460,650,0,335,455,1140,550,599,850,350,0,0,500,0,0,880,0,1500,1440,0,800,1280,0,0,620,0,0,0,0,0,1100,550,1415,680,0,0,1045,5000,0,1000,0,42,310
Bihar,URBAN,Household not found,Non-Response,1817.06,Data Not Available,Data Not Available,Data Not Available,Data Not Available,Data Not Available,,,,,,,,,,,,,,,,,,,,,,,,,,,,,,,,,,,,,,,,,,,,,,,,,,,,,,,
Punjab,URBAN,No Failure,Accepted,2588.27,Others households of Grown-ups,Non-industrial Technical Employees,Matriculates majority household,Male Majority,4 Members,69235,5215,860,800,0,840,0,0,450,390,260,2400,780,1250,0,450,0,0,1080,0,1500,350,0,2700,50,900,0,1280,1020,0,150,0,1400,650,0,0,892,560,0,520,5300,400,200,0,140,675,0,0,1065,5000,0,0,0,1200,0
Uttar Pradesh,URBAN,No Failure,Accepted,2133.49,Grown-up - dominant,Miscellaneous,Matriculates majority household,Male Dominated,4 Members,77678,8420,250,600,0,2800,1215,0,605,0,0,0,320,2200,1400,445,1585,142,385,0,2000,750,750,3560,500,600,750,1467,1350,0,500,320,1400,435,600,0,550,0,0,180,1150,0,0,0,1220,0,0,0,140,0,0,0,250,0,0
Gujarat,RURAL,No Failure,Accepted,2779.65,Grown-up - dominant,Industrial Workers,All Matriculates household,Male Majority,5 Members,56780,0,1250,300,800,2800,560,700,25,335,0,1060,1800,0,2500,0,685,1085,1075,900,850,400,0,4020,700,0,0,4450,1050,196,568,0,700,330,0,400,940,758,0,420,0,1500,0,0,180,0,0,0,63,0,0,0,0,0,0
Uttar Pradesh,RURAL,No Failure,Accepted,1040.24,Balanced households with no Seniors,Non-industrial Technical Employees,Graduates minority household,Balanced,4 Members,69363,5220,825,1950,480,2280,465,1250,0,0,0,780,0,1900,700,130,685,1040,630,0,1104,350,400,0,300,0,0,1770,1230,520,1420,320,0,0,0,0,0,758,0,0,0,0,0,0,470,630,0,0,0,5000,2400,0,0,1500,0
Karnataka,URBAN,No Failure,Accepted,1678.16,Grown-up - dominant,Small Traders/Hawkers,Households of some literates,Male Dominated,4 Members,44218,4573,550,0,520,850,370,900,330,0,0,765,1280,700,0,0,1243,35,0,620,1020,0,0,0,0,400,0,2315,0,670,0,60,330,0,0,420,410,758,0,280,300,0,1000,0,300,1600,0,820,525,0,0,0,0,42,580
Delhi,URBAN,Household not found,Non-Response,2089.34,Data Not Available,Data Not Available,Data Not Available,Data Not Available,Data Not Available,,,,,,,,,,,,,,,,,,,,,,,,,,,,,,,,,,,,,,,,,,,,,,,,,,,,,,,
Andhra Pradesh,URBAN,No Failure,Accepted,2299.6,Balanced households with no Seniors,Wage Labourers,Matriculates majority household,Balanced,5 Members,65979,4965,450,0,280,1550,1135,425,0,0,0,730,950,0,620,1032,399,1060,555,145,460,0,750,3050,250,0,0,1060,1000,300,0,0,1400,350,0,450,1200,0,0,0,1900,0,1000,0,365,360,0,0,335,5000,0,0,0,1200,0
Uttarakhand,URBAN,Could not be executed,Non-Response,2733.42,Data Not Available,Data Not Available,Data Not Available,Data Not Available,Data Not Available,,,,,,,,,,,,,,,,,,,,,,,,,,,,,,,,,,,,,,,,,,,,,,,,,,,,,,,
Chhattisgarh,URBAN,Household not found,Non-Response,1439.56,Data Not Available,Data Not Available,Data Not Available,Data Not Available,Data Not Available,,,,,,,,,,,,,,,,,,,,,,,,,,,,,,,,,,,,,,,,,,,,,,,,,,,,,,,
Uttar Pradesh,URBAN,Could not be executed,Non-Response,2457.92,Data Not Available,Data Not Available,Data Not Available,Data Not Available,Data Not Available,,,,,,,,,,,,,,,,,,,,,,,,,,,,,,,,,,,,,,,,,,,,,,,,,,,,,,,
West Bengal,URBAN,Household not found,Non-Response,995.93,Data Not Available,Data Not Available,Data Not Available,Data Not Available,Data Not Available,,,,,,,,,,,,,,,,,,,,,,,,,,,,,,,,,,,,,,,,,,,,,,,,,,,,,,,
Delhi,RURAL,No Failure,Accepted,1766.17,Seniors - dominant,Support Staff,All Matriculates household,Male Majority,3 Members,53393,5360,590,730,0,2030,50,0,1070,480,0,500,0,0,250,335,518,150,60,450,0,0,0,1960,400,600,750,4450,0,180,1100,60,250,650,0,0,640,0,0,180,1150,0,0,0,220,0,0,600,0,0,0,2300,0,1600,0
Uttar Pradesh,URBAN,No Failure,Accepted,2470.31,Balanced households with no Seniors,Wage Labourers,Households of all literates,Balanced,4 Members,49999,7702,580,450,445,0,0,0,560,1070,0,705,835,0,0,225,928,600,1050,800,600,0,0,2740,300,0,0,2670,1430,1580,1190,60,400,1180,600,0,410,1100,0,440,560,900,0,0,693,0,0,0,530,0,0,0,0,0,0
Kerala,URBAN,No Failure,Accepted,1214.05,Youngsters - dominant,Small/Marginal Farmers,Matriculates majority household,Female Majority,2 Members,70820,7270,225,550,550,0,1120,1300,420,0,800,580,120,900,250,0,1880,250,240,0,420,450,0,0,290,0,0,1050,1430,165,0,500,0,550,0,420,410,0,0,0,900,500,0,0,1520,300,0,0,0,5000,0,1600,0,1600,1850
Madhya Pradesh,RURAL,Household not found,Non-Response,1414.9,Data Not Available,Data Not Available,Data Not Available,Data Not Available,Data Not Available,,,,,,,,,,,,,,,,,,,,,,,,,,,,,,,,,,,,,,,,,,,,,,,,,,,,,,,
Maharashtra,URBAN,No Failure,Accepted,1599.07,Balanced households with no Seniors,Wage Labourers,Households of all literates,Male Majority,4 Members,46690,0,740,900,150,1170,0,1316,330,480,90,765,600,0,0,85,900,100,80,620,1690,350,400,0,0,400,0,1095,0,0,1280,475,0,480,0,0,0,758,0,770,0,0,200,550,220,630,0,0,0,3500,0,0,0,1600,1850
Karnataka,RURAL,No Failure,Accepted,1930.2,Balanced households with no Seniors,Entrepreneurs,Households of all literates,Balanced,5 Members,45448,4700,250,520,850,1170,200,0,250,0,525,935,610,850,0,0,810,465,0,145,1500,0,0,0,650,0,0,2900,1179,860,285,475,1400,230,0,400,0,0,0,0,0,0,0,0,0,1600,0,0,430,0,0,0,250,810,0
Maharashtra,RURAL,No Failure,Accepted,816.72,Balanced households with no Seniors,Wage Labourers,All Matriculates household,Male Majority,3 Members,55630,0,1135,980,525,720,210,660,0,0,0,1075,0,888,800,0,1429,100,0,620,460,0,750,0,0,0,0,3450,990,2400,0,450,1199,230,1000,625,650,1100,0,0,800,0,800,0,0,180,200,600,0,5000,0,0,0,700,180
Tamil Nadu,URBAN,No Failure,Accepted,2925.8,Others households of Grown-ups,Self-employed Entrepreneurs,Matriculates dominated household,Balanced,5 Members,37027,3385,765,950,0,1640,35,0,0,480,90,1400,0,0,750,420,480,1075,0,1238,0,0,0,2950,1200,0,750,1095,1150,570,405,0,0,0,0,420,0,0,0,0,0,0,800,450,1805,0,0,0,480,3500,0,0,0,200,0
Uttarakhand,RURAL,No Failure,Accepted,2209.27,Youngsters - dominant,Small/Marginal Farmers,Graduates majority household,Balanced,5 Members,51248,7136,480,540,450,1160,120,870,1080,25,570,1100,400,0,700,85,375,0,70,0,1000,2500,350,3420,0,0,0,4150,1120,1100,285,0,550,350,0,380,370,320,0,520,650,0,200,550,1320,580,700,600,430,0,0,0,0,0,0
Uttar Pradesh,RURAL,No Failure,Accepted,1830.12,Grown-up - dominant,Organised Farmers,Matriculates majority household,Male Majority,1 Member,35308,0,1250,730,520,0,400,250,165,0,220,0,0,0,200,45,0,0,180,0,1440,1150,400,0,50,0,0,1800,1135,0,350,0,750,0,600,0,1480,600,0,750,0,400,0,0,425,360,0,0,500,5000,5300,0,0,400,310
Maharashtra,URBAN,No Failure,Accepted,2648.8,Grown-up - dominant,Small/Marginal Farmers,Households of all literates,Balanced,2 Members,34206,4537,440,1480,0,1160,35,1250,386,390,0,330,300,900,300,0,910,242,1050,0,1000,0,1200,0,160,0,0,2225,1300,0,575,450,250,320,0,400,720,0,0,240,1600,900,0,0,0,725,0,0,530,0,2200,0,0,0,0
Jharkhand,URBAN,No Failure,Accepted,3329.52,Balanced households with no Seniors,Non-industrial Technical Employees,Households of all literates,Male Dominated,4 Members,46580,5050,0,650,110,870,1090,0,0,0,0,680,1000,2900,290,0,1489,30,1045,300,1800,0,0,0,250,0,0,0,1230,0,0,150,150,0,0,0,370,0,0,400,1800,0,0,300,760,300,700,0,160,0,0,0,600,42,0
West Bengal,RURAL,Household not found,Non-Response,534.58,Data Not Available,Data Not Available,Data Not Available,Data Not Available,Data Not Available,,,,,,,,,,,,,,,,,,,,,,,,,,,,,,,,,,,,,,,,,,,,,,,,,,,,,,,
Maharashtra,RURAL,No Failure,Accepted,1963.47,Grown-up - dominant,Self-employed Entrepreneurs,Households of all literates,Male Dominated,5 Members,51112,0,620,800,480,1970,480,300,555,550,280,580,500,1900,650,160,1355,230,490,0,0,0,550,0,200,900,0,0,730,0,1420,0,550,0,0,0,5580,0,0,1030,0,0,0,0,1805,420,0,0,250,5860,0,2300,0,0,580
Tamil Nadu,URBAN,No Failure,Accepted,1786.73,Balanced households with no Seniors,Non-industrial Technical Employees,Households of all literates,Male Dominated,4 Members,50917,6210,765,520,220,880,160,800,560,1070,0,1680,700,900,650,50,447,465,260,450,876,450,0,4020,500,0,0,2605,1230,400,250,0,189,250,0,400,510,1450,0,0,300,0,700,0,0,250,200,0,0,0,5300,0,0,0,2500
Madhya Pradesh,RURAL,Could not be executed,Non-Response,2024.08,Data Not Available,Data Not Available,Data Not Available,Data Not Available,Data Not Available,,,,,,,,,,,,,,,,,,,,,,,,,,,,,,,,,,,,,,,,,,,,,,,,,,,,,,,
Maharashtra,URBAN,No Failure,Accepted,2357.85,Grown-up - dominant,Wage Labourers,Households of all literates,Balanced,4 Members,44606,6838,0,860,0,840,370,0,0,0,90,1400,0,2300,0,1032,0,530,0,1238,700,0,0,0,400,0,0,4350,1150,2066,2654,0,0,750,1000,0,705,420,0,0,300,0,0,0,410,85,0,0,525,0,3100,0,0,200,0
Gujarat,RURAL,No Failure,Accepted,1740.22,Grown-up - dominant,Self-employed Entrepreneurs,Graduates minority household,Female Majority,3 Members,47631,5810,590,1750,850,765,1090,0,0,385,0,765,0,1200,0,450,928,618,1050,450,850,1150,0,0,0,0,0,3330,1819,0,575,0,449,480,0,0,2300,560,0,520,560,400,0,0,700,200,0,0,0,0,0,0,0,850,310
Uttar Pradesh,RURAL,Household not found,Non-Response,3210.74,Data Not Available,Data Not Available,Data Not Available,Data Not Available,Data Not Available,,,,,,,,,,,,,,,,,,,,,,,,,,,,,,,,,,,,,,,,,,,,,,,,,,,,,,,
Rajasthan,RURAL,Could not be executed,Non-Response,1188.47,Data Not Available,Data Not Available,Data Not Available,Data Not Available,Data Not Available,,,,,,,,,,,,,,,,,,,,,,,,,,,,,,,,,,,,,,,,,,,,,,,,,,,,,,,
Madhya Pradesh,URBAN,Could not be executed,Non-Response,3366.55,Data Not Available,Data Not Available,Data Not Available,Data Not Available,Data Not Available,,,,,,,,,,,,,,,,,,,,,,,,,,,,,,,,,,,,,,,,,,,,,,,,,,,,,,,
Karnataka,URBAN,Could not be executed,Non-Response,2141.93,Data Not Available,Data Not Available,Data Not Available,Data Not Available,Data Not Available,,,,,,,,,,,,,,,,,,,,,,,,,,,,,,,,,,,,,,,,,,,,,,,,,,,,,,,
Delhi,RURAL,No Failure,Accepted,2226.44,Balanced households with no Seniors,Small/Marginal Farmers,Households of all literates,Balanced,4 Members,58357,5220,590,1750,1080,880,430,1316,1200,0,0,935,1480,0,650,45,0,0,400,0,900,0,350,3560,1050,1100,750,3100,1250,425,285,0,0,560,0,1150,0,0,0,1080,500,0,0,0,365,85,0,0,1038,5860,0,1600,0,700,0
Uttarakhand,URBAN,No Failure,Accepted,1631.46,Balanced households with no Seniors,Entrepreneurs,Households of all literates,Male Majority,5 Members,69368,7900,480,1370,445,0,300,300,330,0,0,2200,120,2300,300,435,1190,230,0,620,0,0,0,0,400,0,0,2555,0,500,240,0,189,250,600,0,5580,0,600,770,300,0,1100,0,0,630,0,0,0,0,0,2300,0,150,0
Madhya Pradesh,RURAL,No Failure,Accepted,2735.94,Balanced households with no Seniors,Organised Farmers,Households of all literates,Female Majority,4 Members,53900,5485,300,540,1225,2376,60,660,0,0,800,2400,835,2200,600,0,447,35,140,0,1100,600,0,2950,0,900,0,1400,850,2130,0,0,650,420,0,0,892,400,260,300,9300,0,0,450,715,42,0,0,0,0,0,0,0,0,0
Maharashtra,RURAL,Could not be executed,Non-Response,1429.27,Data Not Available,Data Not Available,Data Not Available,Data Not Available,Data Not Available,,,,,,,,,,,,,,,,,,,,,,,,,,,,,,,,,,,,,,,,,,,,,,,,,,,,,,,
Telangana,RURAL,No Failure,Accepted,2293.04,Grown-up - dominant,Self-employed Entrepreneurs,Households of all literates,Male Dominated,5 Members,69235,3605,800,540,200,825,120,800,185,0,800,2100,500,2300,0,250,0,360,610,0,1600,0,0,2700,1050,0,0,2605,630,710,1050,450,1249,0,600,0,705,0,0,290,0,0,1200,0,425,3150,0,0,325,0,0,3400,250,1500,580
Uttar Pradesh,RURAL,Could not be executed,Non-Response,1860.07,Data Not Available,Data Not Available,Data Not Available,Data Not Available,Data Not Available,,,,,,,,,,,,,,,,,,,,,,,,,,,,,,,,,,,,,,,,,,,,,,,,,,,,,,,
Tamil Nadu,RURAL,Locked,Non-Response,1592.74,Data Not Available,Data Not Available,Data Not Available,Data Not Available,Data Not Available,,,,,,,,,,,,,,,,,,,,,,,,,,,,,,,,,,,,,,,,,,,,,,,,,,,,,,,
West Bengal,RURAL,No Failure,Accepted,3191.01,Grown-up - dominant,Non-industrial Technical Employees,Households of all literates,Balanced,5 Members,63370,5590,1380,930,280,2000,450,250,30,0,0,935,0,300,0,0,898,100,65,0,0,700,0,2740,160,700,0,1400,1360,650,0,0,500,450,0,0,892,320,0,270,500,0,600,0,0,575,0,0,280,0,0,3400,1180,0,1800
Haryana,RURAL,Household not found,Non-Response,2082.09,Data Not Available,Data Not Available,Data Not Available,Data Not Available,Data Not Available,,,,,,,,,,,,,,,,,,,,,,,,,,,,,,,,,,,,,,,,,,,,,,,,,,,,,,,
Himachal Pradesh,URBAN,No Failure,Accepted,2829.62,Balanced households with no Seniors,Support Staff,Matriculates dominated household,Female Majority,1 Member,35050,0,600,650,660,2320,0,0,85,532,570,730,1015,0,0,0,900,1040,1185,300,1220,750,0,4020,350,0,750,880,0,530,1260,0,0,0,0,0,1480,0,0,770,780,500,0,300,0,200,0,0,385,0,0,0,500,1700,0
Rajasthan,RURAL,Could not be executed,Non-Response,677.15,Data Not Available,Data Not Available,Data Not Available,Data Not Available,Data Not Available,,,,,,,,,,,,,,,,,,,,,,,,,,,,,,,,,,,,,,,,,,,,,,,,,,,,,,,
Uttar Pradesh,URBAN,No Failure,Accepted,2187.43,Others households of Grown-ups,White-collar Clerical Employees,Households of all literates,Balanced,2 Members,40001,0,800,540,600,1970,120,1316,0,260,200,0,330,1200,0,0,518,230,195,0,1020,0,0,3420,0,0,0,3716,0,700,405,320,0,355,600,120,0,0,0,290,0,900,0,0,470,35,0,600,480,0,1200,0,0,620,0
Delhi,URBAN,Could not be executed,Non-Response,2090.15,Data Not Available,Data Not Available,Data Not Available,Data Not Available,Data Not Available,,,,,,,,,,,,,,,,,,,,,,,,,,,,,,,,,,,,,,,,,,,,,,,,,,,,,,,
Rajasthan,URBAN,No Failure,Accepted,677.85,Balanced households with no Seniors,Non-industrial Technical Employees,Matriculates majority household,Male Majority,5 Members,65361,2510,0,935,200,2320,0,1250,0,330,570,1110,320,2500,0,155,1489,1040,260,0,1020,0,0,2950,50,400,0,1175,1120,0,0,60,550,400,0,0,2300,420,0,150,1150,1200,0,0,138,180,0,0,160,0,2400,1600,600,800,2500
Bihar,RURAL,No Failure,Accepted,2388.55,Grown-up - dominant,Organised Farmers,Matriculates majority household,Balanced,4 Members,66223,6190,175,350,595,1300,610,250,200,330,200,1400,1015,650,0,50,0,600,505,0,0,400,550,2740,0,0,0,1770,1230,0,190,0,250,500,0,0,2500,1100,0,0,0,400,0,600,1095,1600,200,0,60,6200,2400,0,0,750,0
Madhya Pradesh,URBAN,No Failure,Accepted,2027.79,Others households of Grown-ups,Retired/Aged,Matriculates majority household,Female Majority,4 Members,62036,4541,800,1950,0,0,400,0,455,330,0,0,0,2900,320,420,1020,230,620,0,876,0,0,0,290,0,0,0,1179,645,1050,0,750,560,0,480,0,320,0,350,780,0,0,0,140,725,0,600,350,2970,2200,3400,250,750,0
Maharashtra,URBAN,Could not be executed,Non-Response,1908.19,Data Not Available,Data Not Available,Data Not Available,Data Not Available,Data Not Available,,,,,,,,,,,,,,,,,,,,,,,,,,,,,,,,,,,,,,,,,,,,,,,,,,,,,,,
Madhya Pradesh,URBAN,No Failure,Accepted,3122.81,Grown-up - dominant,Organised Farmers,Graduates majority household,Male Majority,2 Members,69908,7702,475,0,0,1970,1135,150,386,390,0,1100,695,0,1400,1080,635,30,0,0,500,700,50,4020,0,700,0,0,0,0,1450,150,500,650,0,420,550,0,0,750,900,0,700,0,310,490,0,0,0,4900,0,0,500,1600,1850
Delhi,RURAL,No Failure,Accepted,1770.16,Balanced households with no Seniors,Wage Labourers,Households of all literates,Balanced,5 Members,61805,3605,0,0,1080,1175,280,250,530,550,0,2100,580,700,750,420,375,340,0,900,300,2500,0,3050,290,0,0,0,630,2400,750,0,189,0,0,0,370,320,0,400,0,0,700,0,1415,580,0,0,0,5000,0,0,0,0,0
Bihar,URBAN,No Failure,Accepted,2165.13,Grown-up - dominant,Self-employed Entrepreneurs,Households of all literates,Male Dominated,4 Members,69247,5722,840,1620,1225,665,1215,700,0,0,0,2965,400,2500,320,450,898,460,275,599,1250,750,0,3050,350,0,0,2555,990,880,0,320,0,750,600,0,510,0,600,1200,300,400,0,0,1520,200,700,820,335,0,0,0,0,1200,600
West Bengal,RURAL,No Failure,Accepted,2531.94,Grown-up - dominant,Miscellaneous,Matriculates majority household,Male Majority,4 Members,67393,8420,470,850,800,1250,45,425,700,0,800,550,0,1250,290,125,0,618,80,300,0,0,450,4020,0,900,0,2555,1300,1350,2654,0,199,425,0,480,880,0,0,0,0,0,0,0,0,630,0,0,325,0,3100,0,0,1200,0
Jharkhand,URBAN,Locked,Non-Response,3027.88,Data Not Available,Data Not Available,Data Not Available,Data Not Available,Data Not Available,,,,,,,,,,,,,,,,,,,,,,,,,,,,,,,,,,,,,,,,,,,,,,,,,,,,,,,
Uttar Pradesh,URBAN,Household not found,Non-Response,1966.4,Data Not Available,Data Not Available,Data Not Available,Data Not Available,Data Not Available,,,,,,,,,,,,,,,,,,,,,,,,,,,,,,,,,,,,,,,,,,,,,,,,,,,,,,,
Bihar,RURAL,Household not found,Non-Response,2742.19,Data Not Available,Data Not Available,Data Not Available,Data Not Available,Data Not Available,,,,,,,,,,,,,,,,,,,,,,,,,,,,,,,,,,,,,,,,,,,,,,,,,,,,,,,
Bihar,RURAL,No Failure,Accepted,2694.11,Others households of Grown-ups,Self-employed Entrepreneurs,Matriculates dominated household,Male Majority,3 Members,52367,0,1135,920,250,0,200,425,560,0,90,1600,1080,0,0,215,0,420,275,0,1020,0,0,3420,0,900,750,2440,780,570,0,0,1249,500,0,0,2500,758,600,830,700,0,0,0,265,0,0,0,0,0,1200,0,0,1600,310
Himachal Pradesh,URBAN,No Failure,Accepted,2209.98,Balanced households with no Seniors,Small/Marginal Farmers,Households of all literates,Male Majority,4 Members,63007,5575,200,0,110,2625,360,400,85,0,0,935,320,2900,1450,420,2065,30,0,550,1060,450,0,3050,470,0,0,0,800,0,0,0,1249,0,0,450,940,0,0,830,1600,0,0,0,560,0,600,0,335,0,3100,0,0,385,1100
Gujarat,RURAL,No Failure,Accepted,2075.41,Grown-up - dominant,Non-industrial Technical Employees,All Graduates household,Male Majority,3 Members,51345,7660,1135,950,200,2800,160,870,1060,0,260,1600,0,0,480,0,910,0,340,0,1060,0,0,0,0,0,0,1060,1080,320,405,0,1250,0,0,700,1200,0,0,25,1600,0,500,0,1300,0,300,0,280,2970,3100,0,0,1100,0
Puducherry,URBAN,No Failure,Accepted,2376.89,Balanced households with no Seniors,Retired/Aged,Households of all literates,Male Majority,5 Members,51968,5575,0,920,485,0,1050,0,245,0,800,0,535,700,0,720,1020,0,1185,550,0,750,1200,0,0,0,0,3330,0,675,1420,0,1199,300,0,400,400,400,0,0,0,0,500,0,0,575,0,0,0,0,0,0,0,450,600
